ID,chapterName,book_ID
12703370-a255-4e41-91d5-de8231ce5401,chapterName-12703370,76784410-db39-40e7-81d9-f7d9f2f426bc
12703371-1787-4b37-943b-bb1f7b3683d2,chapterName-12703371,76784410-db39-40e7-81d9-f7d9f2f426bc
30841965-d66e-4917-a6b7-fe71b1c3646b,chapterName-30841965,76784425-b428-4135-a5d0-20968c999202
30841966-6cf6-4306-921e-e14d093146bd,chapterName-30841966,76784425-b428-4135-a5d0-20968c999202
21101279-53f9-412a-bbe2-f6cb97aa989e,chapterName-21101279,76784435-9a9a-4d23-b4a7-abdb2064ff39
21101280-4c9a-4d8a-9b76-0495d09aac4b,chapterName-21101280,76784435-9a9a-4d23-b4a7-abdb2064ff39
29961549-9261-417a-bd04-2e767be9d52c,chapterName-2996154,76784440-aeb3-4fa2-978a-2fbb780259fa
29961553-aff9-4929-8b2c-4070830d6735,chapterName-2996155,76784440-aeb3-4fa2-978a-2fbb780259fa
15826788-1e2b-44ed-a068-fa111c3b44f6,chapterName-15826788,76784452-3207-456b-824c-15d00143e210
15826789-6425-4e0b-bcf0-65984574dee4,chapterName-15826789,76784452-3207-456b-824c-15d00143e210
26820020-6d0c-4d2c-be0c-9bd551a5eab2,chapterName-26820020,76784462-fc43-430e-9fac-feb38570e438
26820021-d5eb-4c5e-9d43-20215487e411,chapterName-26820021,76784462-fc43-430e-9fac-feb38570e438
76254664-3969-4211-a8e1-ba9be11a6c67,chapterName-7625466,7678447d-d124-4442-af34-109808b78f6c
76254671-7760-429b-a797-4bc8375b3a3c,chapterName-7625467,7678447d-d124-4442-af34-109808b78f6c
30651488-c609-4e6e-8620-bfdebce41e30,chapterName-30651488,7678448a-99b2-411f-a648-e8a745f02baf
30651489-3d43-4701-af84-30394cb3c3f9,chapterName-30651489,7678448a-99b2-411f-a648-e8a745f02baf
673020de-2349-45f0-a243-c9b85a1a6781,chapterName-673020,76784498-db23-4180-97b8-5e8a6cdca9d6
6730211b-bc13-4352-9e7a-55487126c5f6,chapterName-673021,76784498-db23-4180-97b8-5e8a6cdca9d6
736218a8-bd79-4ce9-8c63-4fbdecf71cae,chapterName-736218,76784502-da5a-4400-a01f-c8d2de472bca
7362192b-b913-4540-804a-e193484e28ff,chapterName-736219,76784502-da5a-4400-a01f-c8d2de472bca