ID,name,age
11146243-dda4-4e2e-a975-8aee890c7c0b,name-11146243,75
18960749-f784-4fe6-a07c-fc7367b448ce,name-18960749,82
18960750-c43a-4336-b242-416512ce6b20,name-18960750,71
18960751-7ec9-46f4-9f84-461512e124cd,name-18960751,3
18960752-5edc-43ca-a9cc-5dbab82c9987,name-18960752,34
18960753-b0a3-46af-a193-7ce86f922f4c,name-18960753,18
18960754-b2d0-4210-b8cf-3e8eb2f70a87,name-18960754,36
18960755-923c-4f44-80da-65eeeaeb40f7,name-18960755,79
18960756-ea46-4293-b264-ef866331ba7e,name-18960756,60
18960757-64cc-4b6d-ad9d-6b43e684d401,name-18960757,58